Timestamp,Heart Rate
1699096655239,83.51
1699096665239,73.47
1699096675239,77.92
1699096685239,76.11
1699096695239,71.58
1699096705239,71.74
1699096715239,78.09
1699096725239,75.0
1699096735239,75.0
1699096745239,73.77
1699096755239,74.84
1699096765239,82.8
1699096775239,81.59
1699096785239,72.37
1699096795239,86.42
1699096805239,85.54
1699096815239,74.69
1699096825239,76.27
1699096835239,77.25
1699096845239,87.32
1699096855239,85.54
1699096865239,77.09
1699096875239,74.49
1699096885239,77.75
1699096895239,79.92
1699096905239,81.59
1699096915239,76.6
1699096925239,79.12
1699096935239,67.26
1699096945239,82.63
1699096955239,83.51
1699096965239,84.05
1699096975239,75.31
1699096985239,75.63
1699096995239,77.25
1699097005239,85.89
1699097015239,83.33
1699097025239,78.43
1699097035239,73.77
1699097045239,77.25
1699097055239,82.28
1699097065239,75.31
1699097075239,85.15
1699097085239,78.26
1699097095239,84.97
1699097105239,78.95
1699097115239,76.27
1699097125239,73.92
1699097135239,79.59
1699097145239,72.21
1699097155239,83.69
1699097165239,70.36
1699097175239,76.11
1699097185239,81.25
1699097195239,74.07
1699097205239,78.09
1699097215239,80.75
1699097225239,78.6
1699097235239,79.82
1699097245239,74.23
1699097255239,63.03
1699097265239,81.26
1699097275239,80.58
1699097285239,78.09
1699097295239,74.83
1699097305239,82.98
1699097315239,81.08
1699097325239,84.78
1699097335239,81.76
1699097345239,75.63
1699097355239,79.59
1699097365239,79.65
1699097375239,78.77
1699097385239,69.18
1699097395239,87.14
1699097405239,85.53
1699097415239,81.25
1699097425239,72.69
1699097435239,83.16
1699097445239,80.41
1699097455239,79.65
1699097465239,77.42
1699097475239,81.93
1699097485239,78.95
1699097495239,84.97
1699097505239,79.75
1699097515239,77.42
1699097525239,79.92
1699097535239,75.31
1699097545239,80.58
1699097555239,72.69
1699097565239,75.79
1699097575239,87.64
1699097585239,89.55
1699097595239,83.87
1699097605239,74.38
1699097615239,80.0
1699097625239,92.4
1699097635239,87.68
1699097645239,78.6
1699097655239,83.69
1699097665239,78.26
1699097675239,80.91
1699097685239,84.97
1699097695239,75.63
1699097705239,73.66
1699097715239,77.92
1699097725239,79.3
1699097735239,73.33
1699097745239,81.59
1699097755239,82.0
1699097765239,82.8
1699097775239,79.82
1699097785239,81.82
1699097795239,82.8
1699097805239,78.95
1699097815239,64.52
1699097825239,76.76
1699097835239,81.93
1699097845239,78.77
1699097855239,80.75
1699097865239,81.93
1699097875239,80.25
1699097885239,78.26
1699097895239,75.0
1699097905239,76.27
1699097915239,77.92
1699097925239,76.92
1699097935239,79.92
1699097945239,74.53
1699097955239,91.11
1699097965239,80.18
1699097975239,75.17
1699097985239,76.27
1699097995239,77.09
1699098005239,84.23
1699098015239,81.08
1699098025239,78.6
1699098035239,85.9
1699098045239,82.63
1699098055239,78.79
1699098065239,82.63
1699098075239,80.41
1699098085239,68.89
1699098095239,70.51
1699098105239,80.91
1699098115239,82.98
1699098125239,84.97
1699098135239,81.76
1699098145239,76.76
1699098155239,77.42
1699098165239,86.78
1699098175239,79.92
1699098185239,64.94
1699098195239,77.09
1699098205239,86.09
1699098215239,78.09
1699098225239,70.97
1699098235239,77.09
1699098245239,81.08
1699098255239,70.82
1699098265239,80.91
1699098275239,79.11
1699098285239,86.09
1699098295239,80.91
1699098305239,74.84
1699098315239,85.54
1699098325239,88.79
1699098335239,71.27
1699098345239,75.16
1699098355239,79.65
1699098365239,74.49
1699098375239,83.16
1699098385239,76.76
1699098395239,84.97
1699098405239,77.59
1699098415239,72.21
1699098425239,68.04
1699098435239,77.59
1699098445239,75.79
1699098455239,87.5
1699098465239,85.34
1699098475239,84.6
1699098485239,73.92
1699098495239,78.26
1699098505239,77.09
1699098515239,77.92
1699098525239,79.11
1699098535239,76.6
1699098545239,77.25
1699098555239,80.41
1699098565239,79.43
1699098575239,70.97
1699098585239,88.42
1699098595239,73.32
1699098605239,68.46
1699098615239,77.42
1699098625239,78.09
1699098635239,78.6
1699098645239,80.25
1699098655239,69.62
1699098665239,74.23
1699098675239,76.92
1699098685239,83.33
1699098695239,73.32
1699098705239,78.09
1699098715239,80.08
1699098725239,80.36
1699098735239,81.59
1699098745239,80.9
1699098755239,77.09
1699098765239,74.84
1699098775239,76.6
1699098785239,77.1
1699098795239,88.79
1699098805239,71.12
1699098815239,76.6
1699098825239,83.33
1699098835239,81.25
1699098845239,65.79
1699098855239,71.43
1699098865239,75.95
1699098875239,77.59
1699098885239,80.58
1699098895239,78.6
1699098905239,83.51
1699098915239,66.67
1699098925239,83.51
1699098935239,81.59
1699098945239,79.75
1699098955239,79.3
1699098965239,75.79
1699098975239,78.43
1699098985239,75.47
1699098995239,76.27
1699099005239,69.47
1699099015239,82.98
1699099025239,75.63
1699099035239,83.16
1699099045239,76.76
1699099055239,76.6
1699099065239,78.95
1699099075239,71.43
1699099085239,82.11
1699099095239,73.83
1699099105239,77.75
1699099115239,80.25
1699099125239,73.62
1699099135239,81.59
1699099145239,84.78
1699099155239,78.95
1699099165239,83.33
1699099175239,72.85
1699099185239,69.77
1699099195239,73.32
1699099205239,87.5
1699099215239,70.51
1699099225239,78.95
1699099235239,86.42
1699099245239,78.77
1699099255239,76.92
1699099265239,75.31
1699099275239,69.77
1699099285239,80.25
1699099295239,83.69
1699099305239,76.11
1699099315239,72.37
1699099325239,75.16
1699099335239,78.43
1699099345239,78.47
1699099355239,83.16
1699099365239,83.87
1699099375239,84.05
1699099385239,80.72
1699099395239,77.59
1699099405239,85.15
1699099415239,75.95
1699099425239,76.43
1699099435239,82.11
1699099445239,72.53
1699099455239,79.43
1699099465239,67.48
1699099475239,77.59
1699099485239,81.25
1699099495239,77.25
1699099505239,79.11
1699099515239,82.45
1699099525239,81.08
1699099535239,86.96
1699099545239,77.75
1699099555239,76.11
1699099565239,77.42
1699099575239,82.98
1699099585239,65.36
1699099595239,82.45
1699099605239,81.42
1699099615239,80.18
1699099625239,67.07
1699099635239,78.09
1699099645239,83.87
1699099655239,78.6
1699099665239,77.75
1699099675239,84.42
1699099685239,75.16
1699099695239,70.66
1699099705239,73.47
1699099715239,80.75
1699099725239,78.26
1699099735239,75.16
1699099745239,81.25
1699099755239,85.37
1699099765239,77.42
1699099775239,89.74
1699099785239,84.78
1699099795239,72.85
1699099805239,76.27
1699099815239,80.75
1699099825239,86.09
1699099835239,81.93
1699099845239,86.42
1699099855239,85.15
1699099865239,78.43
1699099875239,74.69
1699099885239,76.27
1699099895239,73.32
1699099905239,75.0
1699099915239,81.42
1699099925239,75.0
1699099935239,85.34
1699099945239,81.08
1699099955239,79.82
1699099965239,85.15
1699099975239,82.11
1699099985239,81.42
1699099995239,79.75
1699100005239,70.66
1699100015239,77.09
1699100025239,75.95
1699100035239,76.27
1699100045239,79.43
1699100055239,81.93
1699100065239,92.4
1699100075239,82.8
1699100085239,84.78
1699100095239,82.98
1699100105239,67.72
1699100115239,80.25
1699100125239,77.25
1699100135239,76.6
1699100145239,78.77
1699100155239,75.63
1699100165239,73.17
1699100175239,89.36
1699100185239,82.28
1699100195239,75.31
1699100205239,87.87
1699100215239,73.66
1699100225239,78.09
1699100235239,85.71
1699100245239,79.27
1699100255239,73.5
1699100265239,76.6
1699100275239,77.75
1699100285239,76.11
1699100295239,79.11
1699100305239,79.12
1699100315239,88.79
1699100325239,84.42
1699100335239,75.69
1699100345239,76.11
1699100355239,76.27
1699100365239,71.9
1699100375239,81.76
1699100385239,81.45
1699100395239,81.42
1699100405239,81.42
1699100415239,80.91
1699100425239,86.28
1699100435239,80.0
1699100445239,82.63
1699100455239,88.64
1699100465239,80.25
1699100475239,77.25
1699100485239,79.43
1699100495239,78.09
1699100505239,75.16
1699100515239,78.09
1699100525239,89.94
1699100535239,84.97
1699100545239,79.59
1699100555239,80.75
1699100565239,73.32
1699100575239,81.59
1699100585239,78.95
1699100595239,71.9
1699100605239,69.47
1699100615239,79.65
1699100625239,70.36
1699100635239,81.93
1699100645239,76.76
1699100655239,77.59
1699100665239,82.11
1699100675239,78.09
1699100685239,79.3
1699100695239,78.09
1699100705239,77.92
1699100715239,80.08
1699100725239,71.58
1699100735239,85.71
1699100745239,73.92
1699100755239,73.33
1699100765239,88.05
1699100775239,69.18
1699100785239,82.8
1699100795239,71.58
1699100805239,76.27
1699100815239,82.11
1699100825239,77.59
1699100835239,76.92
1699100845239,75.0
1699100855239,71.27
1699100865239,74.38
1699100875239,79.65
1699100885239,75.79
1699100895239,75.31
1699100905239,83.69
1699100915239,77.25
1699100925239,78.47
1699100935239,85.89
1699100945239,81.93
1699100955239,80.41
1699100965239,79.92
1699100975239,78.95
1699100985239,75.63
1699100995239,90.32
1699101005239,73.92
1699101015239,83.51
1699101025239,83.16
1699101035239,76.11
1699101045239,69.61
1699101055239,74.53
1699101065239,80.36
1699101075239,76.43
1699101085239,71.74
1699101095239,87.5
1699101105239,80.72
1699101115239,87.87
1699101125239,86.42
1699101135239,87.87
1699101145239,76.43
1699101155239,71.43
1699101165239,71.27
1699101175239,84.78
1699101185239,80.91
1699101195239,82.98
1699101205239,83.16
1699101215239,89.94
1699101225239,84.23
1699101235239,75.0
1699101245239,80.18
1699101255239,86.09
1699101265239,79.27
1699101275239,87.84
1699101285239,79.11
1699101295239,79.92
1699101305239,78.95
1699101315239,77.09
1699101325239,81.59
1699101335239,74.23
1699101345239,81.08
1699101355239,82.98
1699101365239,81.59
1699101375239,78.09
1699101385239,73.77
1699101395239,74.38
1699101405239,76.11
1699101415239,72.05
1699101425239,92.21
1699101435239,78.47
1699101445239,76.76
1699101455239,82.45
1699101465239,76.92
1699101475239,72.53
1699101485239,84.05
1699101495239,73.99
1699101505239,82.57
1699101515239,68.89
1699101525239,86.96
1699101535239,84.97
1699101545239,75.47
1699101555239,74.07
1699101565239,88.84
1699101575239,83.87
1699101585239,75.0
1699101595239,68.32
1699101605239,74.16
1699101615239,80.36
1699101625239,76.6
1699101635239,87.68
1699101645239,85.89
1699101655239,70.21
1699101665239,75.47
1699101675239,82.11
1699101685239,85.9
1699101695239,69.92
1699101705239,81.25
1699101715239,77.25
1699101725239,77.92
1699101735239,68.32
1699101745239,82.11
1699101755239,94.34
1699101765239,80.75
1699101775239,79.47
1699101785239,85.54
1699101795239,79.92
1699101805239,80.75
1699101815239,87.87
1699101825239,88.42
1699101835239,74.84
1699101845239,85.89
1699101855239,83.51
1699101865239,77.09
1699101875239,82.8
1699101885239,76.92
1699101895239,84.23
1699101905239,75.17
1699101915239,82.28
1699101925239,79.65
1699101935239,78.95
1699101945239,82.8
1699101955239,83.16
1699101965239,78.09
1699101975239,75.31
1699101985239,83.16
1699101995239,85.9
1699102005239,84.42
1699102015239,79.82
1699102025239,88.98
1699102035239,70.97
1699102045239,80.0
1699102055239,80.91
1699102065239,75.95
1699102075239,74.23
1699102085239,77.92
1699102095239,75.0
1699102105239,83.87
1699102115239,78.63
1699102125239,83.14
1699102135239,88.24
1699102145239,72.37
1699102155239,71.58
1699102165239,83.51
1699102175239,83.16
1699102185239,74.53
1699102195239,77.92
1699102205239,81.08
1699102215239,76.92
1699102225239,75.95
1699102235239,68.46
1699102245239,82.63
1699102255239,80.75
1699102265239,75.16
1699102275239,75.31
1699102285239,77.75
1699102295239,76.76
1699102305239,76.6
1699102315239,74.07
1699102325239,79.3
1699102335239,83.16
1699102345239,77.59
1699102355239,76.92
1699102365239,75.95
1699102375239,78.26
1699102385239,85.71
1699102395239,72.85
1699102405239,87.32
1699102415239,81.76
1699102425239,65.5
1699102435239,74.66
1699102445239,75.31
1699102455239,74.38
1699102465239,75.0
1699102475239,76.76
1699102485239,79.82
1699102495239,81.59
1699102505239,81.59
1699102515239,78.63
1699102525239,76.92
1699102535239,77.09
1699102545239,77.25
1699102555239,71.74
1699102565239,73.32
1699102575239,71.74
1699102585239,80.91
1699102595239,64.24
1699102605239,74.66
1699102615239,67.48
1699102625239,68.46
1699102635239,72.73
1699102645239,69.92
1699102655239,70.36
1699102665239,67.87
1699102675239,65.08
1699102685239,69.77
1699102695239,70.36
1699102705239,81.26
1699102715239,84.05
1699102725239,82.8
1699102735239,70.06
1699102745239,79.43
1699102755239,82.45
1699102765239,70.51
1699102775239,79.59
1699102785239,75.47
1699102795239,83.16
1699102805239,86.78
1699102815239,72.58
1699102825239,72.05
1699102835239,74.84
1699102845239,83.16
1699102855239,80.0
1699102865239,74.53
1699102875239,71.27
1699102885239,71.74
1699102895239,69.92
1699102905239,77.09
1699102915239,85.54
1699102925239,83.51
1699102935239,76.11
1699102945239,85.54
1699102955239,76.27
1699102965239,78.09
1699102975239,78.95
1699102985239,88.79
1699102995239,79.75
1699103005239,76.6
1699103015239,77.59
1699103025239,71.27
1699103035239,69.62
1699103045239,73.02
1699103055239,71.74
1699103065239,77.59
1699103075239,79.3
1699103085239,70.21
1699103095239,81.08
1699103105239,84.85
1699103115239,81.25
1699103125239,71.12
1699103135239,77.92
1699103145239,77.59
1699103155239,82.8
1699103165239,73.77
1699103175239,84.05
1699103185239,80.08
1699103195239,80.41
1699103205239,74.53
1699103215239,73.32
1699103225239,76.27
1699103235239,86.28
1699103245239,78.77
1699103255239,81.42
1699103265239,75.34
1699103275239,80.25
1699103285239,82.28
1699103295239,82.63
1699103305239,81.93
1699103315239,71.58
1699103325239,77.92
1699103335239,76.76
1699103345239,74.07
1699103355239,82.63
1699103365239,76.76
1699103375239,86.78
1699103385239,81.93
1699103395239,77.75
1699103405239,84.42
1699103415239,77.09
1699103425239,86.6
1699103435239,80.41
1699103445239,69.33
1699103455239,77.25
1699103465239,69.62
1699103475239,77.09
1699103485239,88.44
1699103495239,69.33
1699103505239,90.13
1699103515239,74.23
1699103525239,75.79
1699103535239,83.87
1699103545239,70.51
1699103555239,75.63
1699103565239,81.59
1699103575239,73.66
1699103585239,76.6
1699103595239,76.27
1699103605239,85.9
1699103615239,86.67
1699103625239,77.42
1699103635239,85.53
1699103645239,85.02
1699103655239,82.8
1699103665239,79.11
1699103675239,88.98
1699103685239,80.41
1699103695239,76.92
1699103705239,75.95
1699103715239,74.23
1699103725239,81.42
1699103735239,83.33
1699103745239,86.24
1699103755239,82.11
1699103765239,73.17
1699103775239,69.04
1699103785239,77.42
1699103795239,80.08
1699103805239,76.27
1699103815239,78.6
1699103825239,80.0
1699103835239,81.42
1699103845239,79.27
1699103855239,69.77
1699103865239,76.92
1699103875239,74.38
1699103885239,76.6
1699103895239,77.09
1699103905239,73.66
1699103915239,72.21
1699103925239,76.92
1699103935239,77.75
1699103945239,85.9
1699103955239,68.89
1699103965239,84.97
1699103975239,74.84
1699103985239,76.92
1699103995239,76.39
1699104005239,75.0
1699104015239,75.79
1699104025239,77.25
1699104035239,70.66
1699104045239,69.18
1699104055239,78.09
1699104065239,70.36
1699104075239,72.69
1699104085239,73.92
1699104095239,80.91
1699104105239,70.82
1699104115239,82.98
1699104125239,73.02
1699104135239,75.63
1699104145239,81.08
1699104155239,71.58
1699104165239,74.07
1699104175239,69.62
1699104185239,78.95
1699104195239,76.43
1699104205239,79.47
1699104215239,68.61
1699104225239,81.08
1699104235239,81.76
1699104245239,75.79
1699104255239,79.75
1699104265239,78.09
1699104275239,86.07
1699104285239,85.34
1699104295239,79.92
1699104305239,77.92
1699104315239,78.95
1699104325239,70.66
1699104335239,72.53
1699104345239,77.59
1699104355239,76.6
1699104365239,67.48
1699104375239,71.27
1699104385239,74.32
1699104395239,75.63
1699104405239,81.76
1699104415239,79.12
1699104425239,79.92
1699104435239,74.69
1699104445239,75.79
1699104455239,78.6
1699104465239,73.5
1699104475239,79.59
1699104485239,83.87
1699104495239,76.76
1699104505239,76.92
1699104515239,82.98
1699104525239,77.09
1699104535239,80.25
1699104545239,81.59
1699104555239,79.47
1699104565239,81.76
1699104575239,84.6
1699104585239,79.12
1699104595239,78.95
1699104605239,79.92
1699104615239,78.09
1699104625239,75.95
1699104635239,80.75
1699104645239,74.38
1699104655239,90.54
1699104665239,83.87
1699104675239,76.92
1699104685239,76.43
1699104695239,83.51
1699104705239,77.59
1699104715239,75.95
1699104725239,80.58
1699104735239,79.12
1699104745239,79.92
1699104755239,71.9
1699104765239,79.11
1699104775239,81.59
1699104785239,79.59
1699104795239,83.16
1699104805239,75.63
1699104815239,67.26
1699104825239,86.24
1699104835239,75.79
1699104845239,84.23
1699104855239,81.76
1699104865239,75.95
1699104875239,74.53
1699104885239,70.66
1699104895239,68.04
1699104905239,70.51
1699104915239,82.8
1699104925239,73.66
1699104935239,69.92
1699104945239,70.66
1699104955239,78.95
1699104965239,82.8
1699104975239,70.36
1699104985239,70.06
1699104995239,82.11
1699105005239,69.77
1699105015239,78.95
1699105025239,79.47
1699105035239,82.11
1699105045239,72.58
1699105055239,66.08
1699105065239,80.72
1699105075239,85.71
1699105085239,77.75
1699105095239,83.69
1699105105239,82.0
1699105115239,78.95
1699105125239,82.76
1699105135239,75.31
1699105145239,75.16
1699105155239,82.95
1699105165239,76.27
1699105175239,87.5
1699105185239,82.63
1699105195239,78.26
1699105205239,75.79
1699105215239,83.87
1699105225239,81.93
1699105235239,82.45
1699105245239,80.08
1699105255239,80.41
1699105265239,82.98
1699105275239,90.32
1699105285239,84.97
1699105295239,87.32
1699105305239,78.77
1699105315239,83.87
1699105325239,75.63
1699105335239,79.59
1699105345239,81.76
1699105355239,76.27
1699105365239,75.31
1699105375239,82.63
1699105385239,69.04
1699105395239,73.5
1699105405239,88.24
1699105415239,76.92
1699105425239,78.26
1699105435239,84.6
1699105445239,69.62
1699105455239,81.63
1699105465239,82.98
1699105475239,83.87
1699105485239,73.99
1699105495239,81.76
1699105505239,80.25
1699105515239,90.13
1699105525239,75.79
1699105535239,83.16
1699105545239,70.51
1699105555239,73.62
1699105565239,88.05
1699105575239,82.98
1699105585239,73.33
1699105595239,80.41
1699105605239,81.59
1699105615239,71.12
1699105625239,68.61
1699105635239,69.47
1699105645239,76.92
1699105655239,77.75
1699105665239,81.76
1699105675239,79.43
1699105685239,75.31
1699105695239,80.41
1699105705239,69.92
1699105715239,72.37
1699105725239,71.12
1699105735239,73.66
1699105745239,88.05
1699105755239,78.63
1699105765239,74.84
1699105775239,71.9
1699105785239,84.23
1699105795239,74.38
1699105805239,68.75
1699105815239,80.91
1699105825239,69.33
1699105835239,78.26
1699105845239,87.64
1699105855239,81.93
1699105865239,74.84
1699105875239,75.16
1699105885239,74.84
1699105895239,86.47
1699105905239,69.47
1699105915239,74.66
1699105925239,75.16
1699105935239,80.58
1699105945239,73.47
1699105955239,70.82
1699105965239,81.08
1699105975239,70.51
1699105985239,80.0
1699105995239,77.75
1699106005239,81.42
1699106015239,75.34
1699106025239,74.84
1699106035239,73.47
1699106045239,79.47
1699106055239,76.92
1699106065239,73.66
1699106075239,69.04
1699106085239,64.66
1699106095239,74.07
1699106105239,81.59
1699106115239,82.28
1699106125239,70.82
1699106135239,68.18
1699106145239,75.95
1699106155239,70.36
1699106165239,78.63
1699106175239,76.11
1699106185239,67.57
1699106195239,70.51
1699106205239,64.38
1699106215239,77.25
1699106225239,72.85
1699106235239,67.48
1699106245239,77.25
1699106255239,62.5
1699106265239,75.47
1699106275239,70.51
1699106285239,71.27
1699106295239,64.94
1699106305239,73.47
1699106315239,75.0
1699106325239,74.53
1699106335239,71.27
1699106345239,73.62
1699106355239,80.41
1699106365239,80.9
1699106375239,86.96
1699106385239,86.96
1699106395239,75.47
1699106405239,72.37
1699106415239,63.03
1699106425239,69.62
1699106435239,79.12
1699106445239,68.75
1699106455239,69.04
1699106465239,69.04
1699106475239,73.66
1699106485239,74.07
1699106495239,85.15
1699106505239,82.45
1699106515239,81.59
1699106525239,76.43
1699106535239,83.33
1699106545239,77.75
1699106555239,67.48
1699106565239,62.37
1699106575239,65.08
1699106585239,59.73
1699106595239,61.73
1699106605239,75.63
1699106615239,61.98
1699106625239,75.79
1699106635239,62.89
1699106645239,64.24
1699106655239,75.79
1699106665239,70.66
1699106675239,62.76
1699106685239,68.75
1699106695239,74.07
1699106705239,77.42
1699106715239,63.69
1699106725239,75.95
1699106735239,65.65
1699106745239,62.63
1699106755239,65.5
1699106765239,57.82
1699106775239,69.33
1699106785239,59.87
1699106795239,63.83
1699106805239,62.89
1699106815239,64.94
1699106825239,70.82
1699106835239,67.42
1699106845239,75.16
1699106855239,70.97
1699106865239,65.79
1699106875239,68.32
1699106885239,60.98
1699106895239,61.98
1699106905239,63.16
1699106915239,71.43
1699106925239,64.79
1699106935239,62.76
1699106945239,69.62
1699106955239,82.45
1699106965239,77.75
1699106975239,63.83
1699106985239,72.37
1699106995239,67.42
1699107005239,80.08
1699107015239,63.56
1699107025239,59.47
1699107035239,86.24
1699107045239,77.75
1699107055239,81.08
1699107065239,75.16
1699107075239,85.71
1699107085239,73.17
1699107095239,80.18
1699107105239,84.78
1699107115239,74.69
1699107125239,69.04
1699107135239,83.33
1699107145239,63.97
1699107155239,76.27
1699107165239,80.36
1699107175239,81.08
1699107185239,72.69
1699107195239,72.05
1699107205239,75.0
1699107215239,62.37
1699107225239,64.38
1699107235239,73.92
1699107245239,63.69
1699107255239,73.32
1699107265239,73.62
1699107275239,75.0
1699107285239,70.82
1699107295239,68.46
1699107305239,76.43
1699107315239,83.51
1699107325239,66.67
1699107335239,60.85
1699107345239,82.28
1699107355239,65.79
1699107365239,64.38
1699107375239,70.06
1699107385239,67.87
1699107395239,69.04
1699107405239,86.24
1699107415239,76.76
1699107425239,68.81
1699107435239,69.62
1699107445239,68.89
1699107455239,63.16
1699107465239,79.59
1699107475239,82.8
1699107485239,73.92
1699107495239,69.62
1699107505239,79.65
1699107515239,74.84
1699107525239,76.43
1699107535239,84.23
1699107545239,69.92
1699107555239,68.75
1699107565239,64.1
1699107575239,62.63
1699107585239,71.9
1699107595239,62.63
1699107605239,72.87
1699107615239,64.1
1699107625239,69.93
1699107635239,68.46
1699107645239,67.48
1699107655239,72.05
1699107665239,58.19
1699107675239,82.45
1699107685239,72.21
1699107695239,63.56
1699107705239,57.2
1699107715239,68.61
1699107725239,59.34
1699107735239,65.79
1699107745239,87.5
1699107755239,83.87
1699107765239,67.9
1699107775239,70.66
1699107785239,78.79
1699107795239,62.5
1699107805239,68.46
1699107815239,67.9
1699107825239,63.16
1699107835239,67.9
1699107845239,71.58
1699107855239,67.87
1699107865239,68.18
1699107875239,71.12
1699107885239,79.43
1699107895239,57.32
1699107905239,72.21
1699107915239,73.66
1699107925239,74.66
1699107935239,61.09
1699107945239,66.08
1699107955239,70.36
1699107965239,73.32
1699107975239,75.0
1699107985239,74.07
1699107995239,67.76
1699108005239,62.37
1699108015239,75.31
1699108025239,63.42
1699108035239,88.05
1699108045239,67.35
1699108055239,63.97
1699108065239,63.83
1699108075239,57.45
1699108085239,68.04
1699108095239,61.98
1699108105239,61.6
1699108115239,70.82
1699108125239,70.06
1699108135239,55.33
1699108145239,85.19
1699108155239,71.12
1699108165239,70.36
1699108175239,59.6
1699108185239,64.79
1699108195239,85.53
1699108205239,61.35
1699108215239,63.83
1699108225239,57.57
1699108235239,62.63
1699108245239,68.46
1699108255239,68.18
1699108265239,61.98
1699108275239,61.6
1699108285239,75.51
1699108295239,76.92
1699108305239,62.37
1699108315239,76.27
1699108325239,65.65
1699108335239,62.5
1699108345239,69.77
1699108355239,55.56
1699108365239,69.47
1699108375239,65.08
1699108385239,74.07
1699108395239,84.85
1699108405239,61.98
1699108415239,70.21
1699108425239,72.73
1699108435239,55.9
1699108445239,56.84
1699108455239,70.36
1699108465239,55.9
1699108475239,68.32
1699108485239,86.42
1699108495239,67.9
1699108505239,76.92
1699108515239,61.48
1699108525239,76.11
1699108535239,62.21
1699108545239,68.61
1699108555239,69.92
1699108565239,71.12
1699108575239,67.87
1699108585239,73.83
1699108595239,76.6
1699108605239,57.69
1699108615239,75.0
1699108625239,75.16
1699108635239,74.16
1699108645239,65.93
1699108655239,66.37
1699108665239,71.43
1699108675239,73.5
1699108685239,70.36
1699108695239,76.6
1699108705239,75.31
1699108715239,68.89
1699108725239,73.62
1699108735239,69.47
1699108745239,66.82
1699108755239,78.77
1699108765239,62.11
1699108775239,76.43
1699108785239,70.97
1699108795239,69.04
1699108805239,68.34
1699108815239,79.82
1699108825239,80.36
1699108835239,77.75
1699108845239,79.27
1699108855239,77.25
1699108865239,86.07
1699108875239,74.53
1699108885239,86.6
1699108895239,69.77
1699108905239,83.69
1699108915239,80.91
1699108925239,78.77
1699108935239,79.12
1699108945239,76.92
1699108955239,70.51
1699108965239,71.27
1699108975239,77.92
1699108985239,75.0
1699108995239,75.31
1699109005239,77.42
1699109015239,67.26
1699109025239,76.6
1699109035239,76.11
1699109045239,63.56
1699109055239,72.05
1699109065239,75.47
1699109075239,80.41
1699109085239,80.08
1699109095239,71.58
1699109105239,85.71
1699109115239,68.75
1699109125239,63.97
1699109135239,78.09
1699109145239,65.5
1699109155239,86.47
1699109165239,68.75
1699109175239,68.32
1699109185239,63.69
1699109195239,63.97
1699109205239,75.31
1699109215239,83.33
1699109225239,77.42
1699109235239,88.61
1699109245239,61.1
1699109255239,72.05
1699109265239,80.25
1699109275239,90.71
1699109285239,86.6
1699109295239,75.0
1699109305239,83.33
1699109315239,77.09
1699109325239,70.82
1699109335239,74.84
1699109345239,71.12
1699109355239,65.65
1699109365239,70.36
1699109375239,83.87
1699109385239,66.37
1699109395239,65.08
1699109405239,74.07
1699109415239,78.6
1699109425239,70.06
1699109435239,77.92
1699109445239,89.55
1699109455239,62.89
1699109465239,73.17
1699109475239,74.69
1699109485239,80.75
1699109495239,74.23
1699109505239,80.08
1699109515239,81.76
1699109525239,74.07
1699109535239,75.79
1699109545239,85.9
1699109555239,86.42
1699109565239,81.93
1699109575239,81.93
1699109585239,81.59
1699109595239,78.43
1699109605239,74.23
1699109615239,79.12
1699109625239,79.43
1699109635239,79.3
1699109645239,77.75
1699109655239,79.75
1699109665239,63.16
1699109675239,77.25
1699109685239,81.25
1699109695239,86.09
1699109705239,70.97
1699109715239,80.41
1699109725239,76.76
1699109735239,80.54
1699109745239,81.93
1699109755239,86.78
1699109765239,82.45
1699109775239,77.25
1699109785239,76.76
1699109795239,74.53
1699109805239,75.47
1699109815239,80.58
1699109825239,68.32
1699109835239,71.74
1699109845239,74.53
1699109855239,79.43
1699109865239,76.92
1699109875239,80.58
1699109885239,80.58
1699109895239,86.24
1699109905239,65.79
1699109915239,80.75
1699109925239,84.42
1699109935239,82.8
1699109945239,90.91
1699109955239,77.09
1699109965239,76.76
1699109975239,81.42
1699109985239,74.83
1699109995239,75.0
1699110005239,75.95
1699110015239,74.23
1699110025239,81.93
1699110035239,79.75
1699110045239,77.75
1699110055239,82.63
1699110065239,85.71
1699110075239,79.12
1699110085239,73.32
1699110095239,89.36
1699110105239,74.49
1699110115239,84.05
1699110125239,77.42
1699110135239,72.73
1699110145239,88.24
1699110155239,67.9
1699110165239,70.97
1699110175239,76.76
1699110185239,74.69
1699110195239,86.67
1699110205239,78.26
1699110215239,83.16
1699110225239,84.23
1699110235239,81.59
1699110245239,73.32
1699110255239,75.79
1699110265239,74.16
1699110275239,84.78
1699110285239,81.25
1699110295239,83.33
1699110305239,80.75
1699110315239,77.25
1699110325239,82.8
1699110335239,80.75
1699110345239,63.83
1699110355239,70.82
1699110365239,71.58
1699110375239,75.79
1699110385239,78.77
1699110395239,69.62
1699110405239,80.91
1699110415239,77.92
1699110425239,77.92
1699110435239,73.47
1699110445239,86.24
1699110455239,68.32
1699110465239,70.66
1699110475239,71.43
1699110485239,82.98
1699110495239,76.27
1699110505239,79.59
1699110515239,76.76
1699110525239,71.43
1699110535239,75.79
1699110545239,65.65
1699110555239,71.27
1699110565239,82.0
1699110575239,73.17
1699110585239,79.92
1699110595239,87.44
1699110605239,85.71
1699110615239,83.16
1699110625239,87.87
1699110635239,77.09
1699110645239,76.6
1699110655239,77.42
1699110665239,82.28
1699110675239,80.08
1699110685239,80.91
1699110695239,72.85
1699110705239,80.41
1699110715239,83.16
1699110725239,79.75
1699110735239,82.63
1699110745239,87.05
1699110755239,66.23
1699110765239,82.28
1699110775239,75.63
1699110785239,67.9
1699110795239,73.47
1699110805239,78.95
1699110815239,75.47
1699110825239,70.66
1699110835239,72.21
1699110845239,70.82
1699110855239,79.75
1699110865239,76.27
1699110875239,69.33
1699110885239,74.32
1699110895239,78.79
1699110905239,74.53
1699110915239,78.63
1699110925239,84.42
1699110935239,77.59
1699110945239,89.17
1699110955239,68.18
1699110965239,71.58
1699110975239,76.27
1699110985239,70.66
1699110995239,70.66
1699111005239,74.07
1699111015239,62.89
1699111025239,81.25
1699111035239,72.69
1699111045239,74.16
1699111055239,76.21
1699111065239,73.92
1699111075239,70.06
1699111085239,70.36
1699111095239,68.04
1699111105239,71.9
1699111115239,70.51
1699111125239,80.41
1699111135239,80.58
1699111145239,64.38
1699111155239,67.62
1699111165239,76.27
1699111175239,73.62
1699111185239,72.58
1699111195239,81.08
1699111205239,81.25
1699111215239,69.18
1699111225239,69.62
1699111235239,78.09
1699111245239,75.47
1699111255239,89.55
1699111265239,70.36
1699111275239,61.1
1699111285239,65.93
1699111295239,73.92
1699111305239,75.31
1699111315239,73.92
1699111325239,77.59
1699111335239,75.16
1699111345239,75.16
1699111355239,81.93
1699111365239,79.75
1699111375239,67.62
1699111385239,90.71
1699111395239,80.25
1699111405239,75.79
1699111415239,69.62
1699111425239,78.79
1699111435239,77.59
1699111445239,80.41
1699111455239,80.75
1699111465239,77.25
1699111475239,77.59
1699111485239,77.92
1699111495239,76.92
1699111505239,88.42
1699111515239,68.18
1699111525239,72.37
1699111535239,70.21
1699111545239,75.16
1699111555239,77.59
1699111565239,76.76
1699111575239,73.01
1699111585239,77.59
1699111595239,78.43
1699111605239,66.23
1699111615239,71.27
1699111625239,75.95
1699111635239,72.05
1699111645239,83.87
1699111655239,74.83
1699111665239,80.25
1699111675239,71.43
1699111685239,63.03
1699111695239,75.16
1699111705239,71.9
1699111715239,71.43
1699111725239,71.12
1699111735239,76.6
1699111745239,71.12
1699111755239,76.92
1699111765239,82.11
1699111775239,76.43
1699111785239,80.75
1699111795239,86.42
1699111805239,75.16
1699111815239,71.27
1699111825239,81.59
1699111835239,67.62
1699111845239,77.75
1699111855239,78.43
1699111865239,74.38
1699111875239,70.51
1699111885239,77.09
1699111895239,79.12
1699111905239,72.69
1699111915239,79.59
1699111925239,77.09
1699111935239,84.68
1699111945239,85.15
1699111955239,68.75
1699111965239,81.08
1699111975239,77.92
1699111985239,71.74
1699111995239,87.14
1699112005239,75.95
1699112015239,79.82
1699112025239,77.09
1699112035239,86.47
1699112045239,88.24
1699112055239,69.33
1699112065239,74.23
1699112075239,79.92
1699112085239,77.59
1699112095239,69.47
1699112105239,71.12
1699112115239,79.59
1699112125239,77.09
1699112135239,85.02
1699112145239,77.92
1699112155239,82.45
1699112165239,80.08
1699112175239,80.08
1699112185239,73.02
1699112195239,88.05
1699112205239,81.25
1699112215239,86.86
1699112225239,79.12
1699112235239,75.0
1699112245239,84.42
1699112255239,76.6
1699112265239,71.58
1699112275239,79.59
1699112285239,83.16
1699112295239,73.92
1699112305239,69.47
1699112315239,76.6
1699112325239,81.42
1699112335239,63.83
1699112345239,82.28
1699112355239,78.95
1699112365239,71.58
1699112375239,86.96
1699112385239,78.09
1699112395239,78.43
1699112405239,77.25
1699112415239,79.75
1699112425239,95.95
1699112435239,73.62
1699112445239,85.02
1699112455239,82.45
1699112465239,84.78
1699112475239,69.77
1699112485239,73.32
1699112495239,77.59
1699112505239,77.42
1699112515239,82.98
1699112525239,81.76
1699112535239,75.47
1699112545239,90.32
1699112555239,81.59
1699112565239,80.41
1699112575239,76.43
1699112585239,76.11
1699112595239,76.92
1699112605239,89.74
1699112615239,81.76
1699112625239,67.9
1699112635239,90.52
1699112645239,85.15
1699112655239,83.87
1699112665239,75.0
1699112675239,82.0
1699112685239,73.66
1699112695239,80.75
1699112705239,74.38
1699112715239,78.6
1699112725239,74.53
1699112735239,73.77
1699112745239,87.5
1699112755239,71.43
1699112765239,77.42
1699112775239,79.92
1699112785239,82.8
1699112795239,88.98
1699112805239,81.93
1699112815239,82.98
1699112825239,88.42
1699112835239,78.95
1699112845239,77.59
1699112855239,76.92
1699112865239,82.8
1699112875239,84.05
1699112885239,79.43
1699112895239,73.32
1699112905239,82.11
1699112915239,87.32
1699112925239,82.11
1699112935239,74.38
1699112945239,82.45
1699112955239,74.84
1699112965239,84.6
1699112975239,86.09
1699112985239,81.59
1699112995239,70.97
1699113005239,78.6
1699113015239,77.09
1699113025239,77.92
1699113035239,83.69
1699113045239,81.76
1699113055239,85.19
1699113065239,80.75
1699113075239,77.09
1699113085239,85.34
1699113095239,86.42
1699113105239,83.33
1699113115239,76.92
1699113125239,83.69
1699113135239,80.58
1699113145239,79.92
1699113155239,80.58
1699113165239,82.63
1699113175239,86.24
1699113185239,81.93
1699113195239,78.6
1699113205239,71.9
1699113215239,80.58
1699113225239,74.53
1699113235239,78.26
1699113245239,71.9
1699113255239,74.23
1699113265239,79.92
1699113275239,82.8
1699113285239,85.53
1699113295239,77.25
1699113305239,73.17
1699113315239,76.76
1699113325239,79.11
1699113335239,73.77
1699113345239,87.5
1699113355239,86.6
1699113365239,87.68
1699113375239,74.66
1699113385239,79.75
1699113395239,85.89
1699113405239,86.47
1699113415239,82.63
1699113425239,66.08
1699113435239,96.36
1699113445239,86.28
1699113455239,79.11
1699113465239,80.36
1699113475239,86.07
1699113485239,90.91
1699113495239,82.63
1699113505239,80.58
1699113515239,95.14
1699113525239,90.71
1699113535239,76.92
1699113545239,85.37
1699113555239,87.68
1699113565239,77.59
1699113575239,80.54
1699113585239,83.51
1699113595239,88.84
1699113605239,80.08
1699113615239,88.98
1699113625239,87.87
1699113635239,76.6
1699113645239,90.91
1699113655239,73.92
1699113665239,74.84
1699113675239,70.21
1699113685239,91.84
1699113695239,78.77
1699113705239,86.24
1699113715239,74.23
1699113725239,72.87
1699113735239,77.42
1699113745239,81.42
1699113755239,75.0
1699113765239,83.69
1699113775239,75.31
1699113785239,70.21
1699113795239,83.87
1699113805239,76.43
1699113815239,77.75
1699113825239,85.02
1699113835239,74.07
1699113845239,77.09
1699113855239,86.24
1699113865239,72.21
1699113875239,84.05
1699113885239,64.38
1699113895239,76.43
1699113905239,76.76
1699113915239,74.07
1699113925239,81.08
1699113935239,77.25
1699113945239,70.66
1699113955239,81.59
1699113965239,76.11
1699113975239,77.09
1699113985239,80.75
1699113995239,76.92
1699114005239,79.65
1699114015239,75.31
1699114025239,75.0
1699114035239,74.53
1699114045239,70.06
1699114055239,87.14
1699114065239,82.98
1699114075239,82.45
1699114085239,89.55
1699114095239,68.46
1699114105239,79.47
1699114115239,78.95
1699114125239,79.12
1699114135239,71.9
1699114145239,69.04
1699114155239,75.0
1699114165239,81.26
1699114175239,80.91
1699114185239,85.71
1699114195239,85.37
1699114205239,76.6
1699114215239,79.43
1699114225239,72.53
1699114235239,70.36
1699114245239,71.43
1699114255239,72.73
1699114265239,75.47
1699114275239,80.08
1699114285239,83.87
1699114295239,81.08
1699114305239,74.53
1699114315239,70.06
1699114325239,69.62
1699114335239,73.92
1699114345239,81.59
1699114355239,79.12
1699114365239,69.18
1699114375239,68.89
1699114385239,80.08
1699114395239,72.73
1699114405239,86.09
1699114415239,75.34
1699114425239,72.87
1699114435239,81.25
1699114445239,78.95
1699114455239,74.16
1699114465239,77.09
1699114475239,77.09
1699114485239,80.08
1699114495239,74.07
1699114505239,73.02
1699114515239,73.99
1699114525239,75.47
1699114535239,86.6
1699114545239,80.91
1699114555239,77.25
1699114565239,83.33
1699114575239,84.68
1699114585239,76.6
1699114595239,91.7
1699114605239,83.16
1699114615239,80.41
1699114625239,78.09
1699114635239,85.34
1699114645239,81.08
1699114655239,76.92
1699114665239,84.05
1699114675239,80.75
1699114685239,78.26
1699114695239,68.04
1699114705239,78.47
1699114715239,76.6
1699114725239,83.16
1699114735239,84.05
1699114745239,79.11
1699114755239,87.5
1699114765239,83.33
1699114775239,78.95
1699114785239,81.76
1699114795239,80.0
1699114805239,82.63
1699114815239,69.04
1699114825239,78.6
1699114835239,80.58
1699114845239,72.69
1699114855239,79.43
1699114865239,84.6
1699114875239,73.83
1699114885239,77.42
1699114895239,88.79
1699114905239,86.67
1699114915239,81.59
1699114925239,70.97
1699114935239,84.42
1699114945239,75.79
1699114955239,79.82
1699114965239,73.33
1699114975239,83.16
1699114985239,67.76
1699114995239,68.46
1699115005239,80.75
1699115015239,71.43
1699115025239,77.59
1699115035239,79.75
1699115045239,74.53
1699115055239,81.25
1699115065239,78.95
1699115075239,75.79
1699115085239,82.11
1699115095239,76.92
1699115105239,69.62
1699115115239,79.47
1699115125239,73.62
1699115135239,73.5
1699115145239,87.05
1699115155239,87.68
1699115165239,84.97
1699115175239,74.07
1699115185239,76.43
1699115195239,78.43
1699115205239,70.06
1699115215239,77.42
1699115225239,71.27
1699115235239,78.6
1699115245239,81.42
1699115255239,73.01
1699115265239,76.76
1699115275239,82.98
1699115285239,70.21
1699115295239,74.23
1699115305239,75.79
1699115315239,76.92
1699115325239,78.77
1699115335239,78.6
1699115345239,81.82
1699115355239,79.59
1699115365239,74.69
1699115375239,89.17
1699115385239,70.51
1699115395239,81.42
1699115405239,70.21
1699115415239,75.79
1699115425239,74.32
1699115435239,70.21
1699115445239,87.44
1699115455239,81.93
1699115465239,74.16
1699115475239,80.25
1699115485239,77.59
1699115495239,77.59
1699115505239,88.24
1699115515239,78.43
1699115525239,81.82
1699115535239,68.46
1699115545239,82.11
1699115555239,85.37
1699115565239,84.42
1699115575239,82.28
1699115585239,79.12
1699115595239,76.76
1699115605239,76.76
1699115615239,81.42
1699115625239,82.8
1699115635239,81.93
1699115645239,77.25
1699115655239,90.13
1699115665239,72.37
1699115675239,84.97
1699115685239,82.11
1699115695239,82.98
1699115705239,67.76
1699115715239,69.33
1699115725239,85.89
1699115735239,80.91
1699115745239,77.42
1699115755239,86.6
1699115765239,76.27
1699115775239,88.98
1699115785239,81.42
1699115795239,91.11
1699115805239,76.92
1699115815239,85.89
1699115825239,80.91
1699115835239,79.12
1699115845239,76.92
1699115855239,81.59
1699115865239,79.43
1699115875239,74.84
1699115885239,69.04
1699115895239,88.42
1699115905239,74.84
1699115915239,86.78
1699115925239,80.25
1699115935239,82.11
1699115945239,81.42
1699115955239,84.51
1699115965239,83.33
1699115975239,81.42
1699115985239,80.58
1699115995239,78.95
1699116005239,82.8
1699116015239,74.53
1699116025239,82.98
1699116035239,75.16
1699116045239,70.82
1699116055239,70.21
1699116065239,82.63
1699116075239,72.69
1699116085239,75.63
1699116095239,73.33
1699116105239,74.07
1699116115239,78.6
1699116125239,69.62
1699116135239,70.97
1699116145239,77.75
1699116155239,82.63
1699116165239,76.27
1699116175239,71.58
1699116185239,77.92
1699116195239,80.91
1699116205239,73.77
1699116215239,80.91
1699116225239,74.38
1699116235239,70.36
1699116245239,82.45
1699116255239,82.63
1699116265239,86.96
1699116275239,76.27
1699116285239,86.09
1699116295239,91.7
1699116305239,81.59
1699116315239,73.92
1699116325239,86.78
1699116335239,85.53
1699116345239,75.31
1699116355239,81.08
1699116365239,67.76
1699116375239,78.09
1699116385239,77.59
1699116395239,81.08
1699116405239,75.47
1699116415239,84.97
1699116425239,69.92
1699116435239,74.69
1699116445239,94.54
1699116455239,79.43
1699116465239,81.42
1699116475239,88.44
1699116485239,76.11
1699116495239,86.78
1699116505239,82.8
1699116515239,78.63
1699116525239,84.23
1699116535239,84.78
1699116545239,87.14
1699116555239,72.85
1699116565239,81.42
1699116575239,71.58
1699116585239,79.27
1699116595239,89.55
1699116605239,85.37
1699116615239,77.75
1699116625239,78.63
1699116635239,86.28
1699116645239,66.96
1699116655239,87.32
1699116665239,80.91
1699116675239,73.01
1699116685239,71.12
1699116695239,79.27
1699116705239,73.47
1699116715239,87.32
1699116725239,77.09
1699116735239,78.26
1699116745239,80.0
1699116755239,84.78
1699116765239,81.59
1699116775239,69.47
1699116785239,76.27
1699116795239,90.52
1699116805239,74.66
1699116815239,81.76
1699116825239,74.49
1699116835239,72.21
1699116845239,80.08
1699116855239,82.98
1699116865239,84.42
1699116875239,77.42
1699116885239,81.93
1699116895239,83.33
1699116905239,78.77
1699116915239,71.12
1699116925239,75.63
1699116935239,88.61
1699116945239,89.74
1699116955239,77.59
1699116965239,75.79
1699116975239,82.45
1699116985239,80.58
1699116995239,84.97
1699117005239,87.25
1699117015239,79.11
1699117025239,74.84
1699117035239,75.47
1699117045239,80.91
1699117055239,76.6
1699117065239,74.53
1699117075239,71.27
1699117085239,72.85
1699117095239,75.79
1699117105239,81.59
1699117115239,78.09
1699117125239,80.25
1699117135239,87.05
1699117145239,75.31
1699117155239,84.05
1699117165239,69.62
1699117175239,78.95
1699117185239,79.43
1699117195239,80.41
1699117205239,86.07
1699117215239,70.51
1699117225239,72.37
1699117235239,88.79
1699117245239,76.76
1699117255239,77.92
1699117265239,90.52
1699117275239,80.25
1699117285239,74.53
1699117295239,86.09
1699117305239,89.36
1699117315239,82.11
1699117325239,70.51
1699117335239,69.77
1699117345239,82.98
1699117355239,76.76
1699117365239,74.53
1699117375239,84.42
1699117385239,88.05
1699117395239,80.36
1699117405239,78.26
1699117415239,88.79
1699117425239,74.38
1699117435239,81.93
1699117445239,86.07
1699117455239,84.05
1699117465239,87.87
1699117475239,68.18
1699117485239,83.16
1699117495239,74.38
1699117505239,88.79
1699117515239,79.3
1699117525239,79.47
1699117535239,72.73
1699117545239,71.58
1699117555239,80.41
1699117565239,73.17
1699117575239,69.92
1699117585239,84.23
1699117595239,74.53
1699117605239,69.04
1699117615239,83.33
1699117625239,86.07
1699117635239,69.47
1699117645239,75.0
1699117655239,75.34
1699117665239,85.34
1699117675239,81.59
1699117685239,63.97
1699117695239,76.27
1699117705239,79.11
1699117715239,68.75
1699117725239,82.45
1699117735239,74.32
1699117745239,84.78
1699117755239,80.41
1699117765239,78.77
1699117775239,77.59
1699117785239,83.51
1699117795239,76.76
1699117805239,81.25
1699117815239,75.16
1699117825239,86.78
1699117835239,79.59
1699117845239,79.12
1699117855239,81.42
1699117865239,82.8
1699117875239,80.41
1699117885239,84.05
1699117895239,83.51
1699117905239,80.08
1699117915239,81.93
1699117925239,96.77
1699117935239,77.25
1699117945239,75.31
1699117955239,83.51
1699117965239,80.91
1699117975239,68.34
1699117985239,76.76
1699117995239,87.87
1699118005239,77.75
1699118015239,78.09
1699118025239,86.96
1699118035239,85.02
1699118045239,76.76
1699118055239,78.09
1699118065239,77.75
1699118075239,72.21
1699118085239,79.65
1699118095239,71.27
1699118105239,78.26
1699118115239,84.97
1699118125239,78.77
1699118135239,80.91
1699118145239,73.17
1699118155239,82.11
1699118165239,92.4
1699118175239,69.04
1699118185239,85.37
1699118195239,82.11
1699118205239,86.6
1699118215239,76.27
1699118225239,77.25
1699118235239,81.59
1699118245239,86.42
1699118255239,92.11
1699118265239,79.75
1699118275239,86.09
1699118285239,77.75
1699118295239,73.47
1699118305239,78.6
1699118315239,81.93
1699118325239,70.21
1699118335239,81.76
1699118345239,67.76
1699118355239,76.92
1699118365239,75.47
1699118375239,81.08
1699118385239,69.62
1699118395239,76.43
1699118405239,78.09
1699118415239,78.95
1699118425239,76.11
1699118435239,83.69
1699118445239,69.18
1699118455239,87.87
1699118465239,76.43
1699118475239,77.25
1699118485239,84.23
1699118495239,77.59
1699118505239,75.31
1699118515239,85.53
1699118525239,81.08
1699118535239,74.66
1699118545239,86.96
1699118555239,75.79
1699118565239,80.08
1699118575239,81.08
1699118585239,75.31
1699118595239,82.28
1699118605239,79.75
1699118615239,72.85
1699118625239,75.95
1699118635239,75.63
1699118645239,80.91
1699118655239,79.12
1699118665239,74.69
1699118675239,81.93
1699118685239,71.74
1699118695239,92.21
1699118705239,76.11
1699118715239,89.94
1699118725239,89.94
1699118735239,76.43
1699118745239,80.91
1699118755239,82.45
1699118765239,82.8
1699118775239,77.59
1699118785239,70.66
1699118795239,75.63
1699118805239,82.8
1699118815239,81.42
1699118825239,80.9
1699118835239,76.76
1699118845239,76.76
1699118855239,88.05
1699118865239,79.47
1699118875239,74.38
1699118885239,69.04
1699118895239,77.92
1699118905239,69.92
1699118915239,67.62
1699118925239,78.77
1699118935239,87.87
1699118945239,86.28
1699118955239,73.83
1699118965239,75.63
1699118975239,73.62
1699118985239,76.92
1699118995239,79.59
1699119005239,83.16
1699119015239,74.69
1699119025239,74.32
1699119035239,76.6
1699119045239,83.51
1699119055239,87.32
1699119065239,82.11
1699119075239,88.64
1699119085239,79.43
1699119095239,84.42
1699119105239,79.92
1699119115239,80.08
1699119125239,76.11
1699119135239,77.09
1699119145239,77.75
1699119155239,78.26
1699119165239,75.31
1699119175239,82.8
1699119185239,79.65
1699119195239,73.77
1699119205239,84.97
1699119215239,81.42
1699119225239,81.45
1699119235239,85.02
1699119245239,81.42
1699119255239,88.24
1699119265239,85.9
1699119275239,88.98
1699119285239,77.59
1699119295239,91.9
1699119305239,83.51
1699119315239,77.25
1699119325239,79.92
1699119335239,77.75
1699119345239,73.99
1699119355239,84.6
1699119365239,84.05
1699119375239,81.42
1699119385239,74.84
1699119395239,82.63
1699119405239,88.42
1699119415239,80.41
1699119425239,74.84
1699119435239,80.08
1699119445239,77.59
1699119455239,89.55
1699119465239,81.93
1699119475239,78.79
1699119485239,81.25
1699119495239,90.32
1699119505239,85.37
1699119515239,87.5
1699119525239,76.43
1699119535239,87.68
1699119545239,86.96
1699119555239,90.32
1699119565239,86.6
1699119575239,79.65
1699119585239,79.92
1699119595239,86.78
1699119605239,78.95
1699119615239,91.46
1699119625239,81.25
1699119635239,76.76
1699119645239,76.6
1699119655239,82.45
1699119665239,85.34
1699119675239,81.42
1699119685239,87.5
1699119695239,79.59
1699119705239,76.92
1699119715239,85.15
1699119725239,99.38
1699119735239,75.47
1699119745239,84.05
1699119755239,71.12
1699119765239,75.16
1699119775239,83.33
1699119785239,82.45
1699119795239,82.8
1699119805239,75.16
1699119815239,78.95
1699119825239,80.58
1699119835239,79.3
1699119845239,85.19
1699119855239,87.68
1699119865239,89.74
1699119875239,82.28
1699119885239,82.28
1699119895239,79.75
1699119905239,82.63
1699119915239,73.62
1699119925239,80.25
1699119935239,86.09
1699119945239,62.24
1699119955239,75.79
1699119965239,72.05
1699119975239,84.6
1699119985239,84.23
1699119995239,75.31
1699120005239,74.38
1699120015239,68.75
1699120025239,74.69
1699120035239,80.41
1699120045239,74.07
1699120055239,77.75
1699120065239,86.28
1699120075239,78.09
1699120085239,68.32
1699120095239,76.6
1699120105239,61.73
1699120115239,78.95
1699120125239,74.84
1699120135239,80.25
1699120145239,69.18
1699120155239,80.72
1699120165239,79.27
1699120175239,80.75
1699120185239,78.6
1699120195239,76.6
1699120205239,82.11
1699120215239,88.79
1699120225239,70.51
1699120235239,76.92
1699120245239,61.1
1699120255239,75.79
1699120265239,76.43
1699120275239,78.63
1699120285239,76.27
1699120295239,81.08
1699120305239,63.03
1699120315239,85.37
1699120325239,79.92
1699120335239,74.69
1699120345239,83.33
1699120355239,78.09
1699120365239,76.76
1699120375239,84.42
1699120385239,73.62
1699120395239,82.45
1699120405239,76.27
1699120415239,84.42
1699120425239,86.07
1699120435239,79.92
1699120445239,83.69
1699120455239,80.41
1699120465239,80.75
1699120475239,83.51
1699120485239,82.98
1699120495239,70.82
1699120505239,77.92
1699120515239,86.24
1699120525239,84.68
1699120535239,75.47
1699120545239,80.58
1699120555239,76.6
1699120565239,80.75
1699120575239,71.43
1699120585239,80.91
1699120595239,75.16
1699120605239,77.09
1699120615239,81.59
1699120625239,85.89
1699120635239,74.84
1699120645239,93.95
1699120655239,89.17
1699120665239,79.43
1699120675239,79.47
1699120685239,82.63
1699120695239,80.91
1699120705239,73.47
1699120715239,89.55
1699120725239,88.42
1699120735239,88.61
1699120745239,88.24
1699120755239,81.08
1699120765239,70.21
1699120775239,80.25
1699120785239,78.43
1699120795239,85.19
1699120805239,82.98
1699120815239,89.74
1699120825239,90.32
1699120835239,78.26
1699120845239,75.79
1699120855239,79.43
1699120865239,83.87
1699120875239,81.08
1699120885239,85.34
1699120895239,76.27
1699120905239,82.8
1699120915239,76.27
1699120925239,79.3
1699120935239,82.8
1699120945239,88.61
1699120955239,74.23
1699120965239,88.61
1699120975239,94.74
1699120985239,68.75
1699120995239,80.25
1699121005239,73.32
1699121015239,93.13
1699121025239,80.25
1699121035239,80.41
1699121045239,80.72
1699121055239,76.76
1699121065239,81.93
1699121075239,90.13
1699121085239,82.45
1699121095239,77.75
1699121105239,86.78
1699121115239,82.8
1699121125239,70.51
1699121135239,79.3
1699121145239,90.71
1699121155239,81.93
1699121165239,73.17
1699121175239,87.05
1699121185239,79.11
1699121195239,75.63
1699121205239,71.58
1699121215239,90.28
1699121225239,90.13
1699121235239,77.92
1699121245239,81.08
1699121255239,84.6
1699121265239,81.08
1699121275239,76.11
1699121285239,88.64
1699121295239,72.05
1699121305239,86.6
1699121315239,82.11
1699121325239,84.6
1699121335239,78.26
1699121345239,87.05
1699121355239,75.63
1699121365239,80.58
1699121375239,88.79
1699121385239,91.11
1699121395239,84.78
1699121405239,85.15
1699121415239,78.63
1699121425239,72.21
1699121435239,78.77
1699121445239,68.04
1699121455239,79.27
1699121465239,78.77
1699121475239,72.53
1699121485239,81.93
1699121495239,70.97
1699121505239,84.42
1699121515239,77.25
1699121525239,73.02
1699121535239,78.43
1699121545239,78.63
1699121555239,69.33
1699121565239,76.27
1699121575239,74.23
1699121585239,75.16
1699121595239,88.61
1699121605239,76.76
1699121615239,69.62
1699121625239,81.76
1699121635239,70.82
1699121645239,80.18
1699121655239,70.36
1699121665239,87.14
1699121675239,75.95
1699121685239,82.28
1699121695239,83.51
1699121705239,81.42
1699121715239,76.11
1699121725239,75.79
1699121735239,73.83
1699121745239,74.84
1699121755239,76.6
1699121765239,75.63
1699121775239,73.32
1699121785239,77.59
1699121795239,79.11
1699121805239,80.75
1699121815239,79.59
1699121825239,83.16
1699121835239,77.25
1699121845239,82.28
1699121855239,78.09
1699121865239,67.9
1699121875239,80.08
1699121885239,81.25
1699121895239,81.08
1699121905239,77.09
1699121915239,79.75
1699121925239,73.92
1699121935239,76.27
1699121945239,73.02
1699121955239,74.23
1699121965239,73.77
1699121975239,73.17
1699121985239,78.95
1699121995239,77.09
1699122005239,82.11
1699122015239,79.92
1699122025239,86.24
1699122035239,70.06
1699122045239,80.58
1699122055239,75.47
1699122065239,74.23
1699122075239,76.6
1699122085239,80.75
1699122095239,70.21
1699122105239,70.97
1699122115239,81.93
1699122125239,69.92
1699122135239,75.47
1699122145239,71.12
1699122155239,73.77
1699122165239,69.04
1699122175239,79.59
1699122185239,86.47
1699122195239,81.63
1699122205239,81.42
1699122215239,80.91
1699122225239,72.05
1699122235239,73.62
1699122245239,75.95
1699122255239,76.92
1699122265239,70.82
1699122275239,73.62
1699122285239,70.97
1699122295239,86.96
1699122305239,73.01
1699122315239,82.28
1699122325239,84.78
1699122335239,82.57
1699122345239,75.51
1699122355239,74.66
1699122365239,79.65
1699122375239,70.21
1699122385239,90.32
1699122395239,79.12
1699122405239,70.51
1699122415239,80.75
1699122425239,79.59
1699122435239,69.04
1699122445239,73.62
1699122455239,70.51
1699122465239,80.75
1699122475239,85.53
1699122485239,79.82
1699122495239,76.11
1699122505239,76.43
1699122515239,78.77
1699122525239,73.99
1699122535239,77.92
1699122545239,70.82
1699122555239,86.47
1699122565239,84.05
1699122575239,77.25
1699122585239,75.63
1699122595239,73.92
1699122605239,64.24
1699122615239,75.95
1699122625239,74.84
1699122635239,82.8
1699122645239,80.25
1699122655239,75.79
1699122665239,74.53
1699122675239,70.36
1699122685239,78.79
1699122695239,75.47
1699122705239,80.41
1699122715239,75.0
1699122725239,76.76
1699122735239,78.09
1699122745239,77.09
1699122755239,81.42
1699122765239,92.98
1699122775239,68.75
1699122785239,74.84
1699122795239,83.51
1699122805239,70.36
1699122815239,76.76
1699122825239,76.76
1699122835239,74.69
1699122845239,69.04
1699122855239,81.08
1699122865239,70.36
1699122875239,79.75
1699122885239,77.25
1699122895239,72.37
1699122905239,81.25
1699122915239,69.04
1699122925239,73.32
1699122935239,74.53
1699122945239,68.46
1699122955239,74.07
1699122965239,85.71
1699122975239,81.93
1699122985239,81.59
1699122995239,73.01
1699123005239,85.71
1699123015239,80.75
1699123025239,87.68
1699123035239,86.47
1699123045239,74.07
1699123055239,78.43
1699123065239,88.61
1699123075239,85.54
1699123085239,88.42
1699123095239,73.17
1699123105239,75.79
1699123115239,76.92
1699123125239,82.8
1699123135239,86.86
1699123145239,81.76
1699123155239,77.25
1699123165239,73.77
1699123175239,84.78
1699123185239,75.31
1699123195239,72.87
1699123205239,71.27
1699123215239,81.42
1699123225239,68.89
1699123235239,80.91
1699123245239,79.12
1699123255239,79.43
1699123265239,77.42
1699123275239,89.94
1699123285239,74.69
1699123295239,81.93
1699123305239,88.05
1699123315239,86.07
1699123325239,80.75
1699123335239,83.33
1699123345239,85.71
1699123355239,84.05
1699123365239,75.63
1699123375239,84.78
1699123385239,86.07
1699123395239,91.11
1699123405239,79.92
1699123415239,67.76
1699123425239,84.05
1699123435239,89.94
1699123445239,83.16
1699123455239,73.32
1699123465239,79.47
1699123475239,83.51
1699123485239,78.77
1699123495239,88.79
1699123505239,81.25
1699123515239,83.33
1699123525239,86.42
1699123535239,79.92
1699123545239,84.6
1699123555239,86.07
1699123565239,85.54
1699123575239,84.78
1699123585239,88.05
1699123595239,80.91
1699123605239,82.28
1699123615239,83.33
1699123625239,84.78
1699123635239,77.42
1699123645239,83.87
1699123655239,65.22
1699123665239,79.12
1699123675239,76.76
1699123685239,78.95
1699123695239,75.0
1699123705239,77.59
1699123715239,88.05
1699123725239,76.11
1699123735239,80.91
1699123745239,74.23
1699123755239,74.69
1699123765239,82.19
1699123775239,67.62
1699123785239,91.11
1699123795239,80.41
1699123805239,75.31
1699123815239,74.07
1699123825239,74.69
1699123835239,77.59
1699123845239,81.93
1699123855239,83.33
1699123865239,85.53
1699123875239,88.05
1699123885239,74.16
1699123895239,74.23
1699123905239,81.42
1699123915239,74.23
1699123925239,77.42
1699123935239,75.0
1699123945239,79.75
1699123955239,81.59
1699123965239,77.09
1699123975239,84.23
1699123985239,83.69
1699123995239,71.58
1699124005239,69.92
1699124015239,81.45
1699124025239,82.11
1699124035239,76.6
1699124045239,70.97
1699124055239,68.89
1699124065239,70.97
1699124075239,64.79
1699124085239,67.35
1699124095239,82.11
1699124105239,71.12
1699124115239,75.0
1699124125239,76.43
1699124135239,68.04
1699124145239,69.18
1699124155239,68.75
1699124165239,74.23
1699124175239,69.92
1699124185239,70.51
1699124195239,81.93
1699124205239,69.04
1699124215239,77.75
1699124225239,68.32
1699124235239,70.06
1699124245239,85.54
1699124255239,87.44
1699124265239,64.66
1699124275239,77.92
1699124285239,74.53
1699124295239,73.77
1699124305239,74.38
1699124315239,83.16
1699124325239,75.0
1699124335239,74.49
1699124345239,84.85
1699124355239,84.78
1699124365239,63.42
1699124375239,77.59
1699124385239,78.95
1699124395239,84.68
1699124405239,79.12
1699124415239,89.74
1699124425239,81.76
1699124435239,87.68
1699124445239,83.33
1699124455239,79.59
1699124465239,86.42
1699124475239,79.27
1699124485239,84.05
1699124495239,81.25
1699124505239,72.05
1699124515239,86.78
1699124525239,77.42
1699124535239,77.59
1699124545239,80.08
1699124555239,85.37
1699124565239,73.77
1699124575239,75.79
1699124585239,78.79
1699124595239,77.75
1699124605239,73.5
1699124615239,81.08
1699124625239,71.27
1699124635239,84.23
1699124645239,82.28
1699124655239,75.79
1699124665239,73.17
1699124675239,80.58
1699124685239,80.08
1699124695239,84.97
1699124705239,76.76
1699124715239,71.12
1699124725239,93.95
1699124735239,84.68
1699124745239,75.31
1699124755239,82.0
1699124765239,75.79
1699124775239,71.43
1699124785239,87.25
1699124795239,85.19
1699124805239,76.6
1699124815239,85.9
1699124825239,91.9
1699124835239,82.11
1699124845239,85.15
1699124855239,79.12
1699124865239,82.11
1699124875239,73.62
1699124885239,72.53
1699124895239,86.96
1699124905239,76.6
1699124915239,77.92
1699124925239,76.6
1699124935239,91.46
1699124945239,81.59
1699124955239,86.07
1699124965239,77.25
1699124975239,74.23
1699124985239,78.43
1699124995239,80.25
1699125005239,73.99
1699125015239,79.75
1699125025239,85.15
1699125035239,78.63
1699125045239,76.76
1699125055239,81.08
1699125065239,88.98
1699125075239,79.47
1699125085239,79.3
1699125095239,70.21
1699125105239,78.6
1699125115239,85.19
1699125125239,83.87
1699125135239,77.59
1699125145239,76.27
1699125155239,81.25
1699125165239,77.75
1699125175239,82.45
1699125185239,81.42
1699125195239,78.26
1699125205239,86.67
1699125215239,87.14
1699125225239,80.41
1699125235239,84.78
1699125245239,73.5
1699125255239,77.92
1699125265239,84.23
1699125275239,74.53
1699125285239,78.77
1699125295239,79.75
1699125305239,83.87
1699125315239,80.91
1699125325239,73.62
1699125335239,83.16
1699125345239,82.98
1699125355239,73.99
1699125365239,76.43
1699125375239,87.5
1699125385239,76.21
1699125395239,87.05
1699125405239,76.11
1699125415239,82.98
1699125425239,78.95
1699125435239,83.16
1699125445239,80.91
1699125455239,91.11
1699125465239,81.59
1699125475239,82.63
1699125485239,89.36
1699125495239,82.28
1699125505239,90.71
1699125515239,89.74
1699125525239,81.76
1699125535239,80.41
1699125545239,78.26
1699125555239,88.98
1699125565239,80.36
1699125575239,75.95
1699125585239,68.89
1699125595239,74.07
1699125605239,82.45
1699125615239,88.42
1699125625239,74.69
1699125635239,88.24
1699125645239,73.5
1699125655239,85.19
1699125665239,75.79
1699125675239,72.53
1699125685239,85.53
1699125695239,76.43
1699125705239,74.23
1699125715239,64.94
1699125725239,73.92
1699125735239,74.23
1699125745239,74.07
1699125755239,86.96
1699125765239,71.43
1699125775239,79.47
1699125785239,75.95
1699125795239,86.42
1699125805239,73.77
1699125815239,81.82
1699125825239,84.05
1699125835239,83.33
1699125845239,75.47
1699125855239,89.74
1699125865239,82.63
1699125875239,66.67
1699125885239,79.75
1699125895239,85.34
1699125905239,84.78
1699125915239,88.24
1699125925239,86.28
1699125935239,69.33
1699125945239,79.92
1699125955239,81.42
1699125965239,68.18
1699125975239,79.82
1699125985239,78.09
1699125995239,85.37
1699126005239,71.9
1699126015239,78.95
1699126025239,69.04
1699126035239,81.08
1699126045239,90.91
1699126055239,83.16
1699126065239,81.08
1699126075239,84.23
1699126085239,70.66
1699126095239,78.43
1699126105239,76.11
1699126115239,80.9
1699126125239,82.45
1699126135239,84.97
1699126145239,96.57
1699126155239,77.09
1699126165239,88.24
1699126175239,85.54
1699126185239,81.25
1699126195239,89.94
1699126205239,86.6
1699126215239,84.05
1699126225239,71.27
1699126235239,83.16
1699126245239,78.6
1699126255239,72.69
1699126265239,86.07
1699126275239,81.76
1699126285239,78.09
1699126295239,79.59
1699126305239,82.28
1699126315239,68.04
1699126325239,72.85
1699126335239,85.37
1699126345239,75.63
1699126355239,80.08
1699126365239,78.6
1699126375239,72.05
1699126385239,78.95
1699126395239,84.97
1699126405239,88.98
1699126415239,65.5
1699126425239,69.33
1699126435239,77.59
1699126445239,69.77
1699126455239,77.59
1699126465239,90.91
1699126475239,77.75
1699126485239,81.08
1699126495239,74.07
1699126505239,85.71
1699126515239,89.94
1699126525239,91.28
1699126535239,83.69
1699126545239,78.77
1699126555239,79.43
1699126565239,80.91
1699126575239,91.11
1699126585239,79.47
1699126595239,80.9
1699126605239,85.9
1699126615239,86.6
1699126625239,84.97
1699126635239,96.77
1699126645239,83.69
1699126655239,76.27
1699126665239,69.62
1699126675239,74.53
1699126685239,72.87
1699126695239,75.63
1699126705239,74.69
1699126715239,75.79
1699126725239,73.33
1699126735239,78.43
1699126745239,88.61
1699126755239,76.11
1699126765239,77.75
1699126775239,79.59
1699126785239,85.89
1699126795239,83.33
1699126805239,79.92
1699126815239,79.12
1699126825239,81.25
1699126835239,81.25
1699126845239,74.69
1699126855239,80.41
1699126865239,66.67
1699126875239,80.75
1699126885239,67.9
1699126895239,79.92
1699126905239,83.69
1699126915239,94.74
1699126925239,76.6
1699126935239,70.97
1699126945239,72.69
1699126955239,70.66
1699126965239,71.12
1699126975239,74.23
1699126985239,87.05
1699126995239,79.75
1699127005239,71.74
1699127015239,77.42
1699127025239,77.75
1699127035239,80.25
1699127045239,78.95
1699127055239,83.16
1699127065239,87.87
1699127075239,74.07
1699127085239,78.43
1699127095239,79.75
1699127105239,69.92
1699127115239,79.27
1699127125239,80.41
1699127135239,84.97
1699127145239,76.76
1699127155239,72.05
1699127165239,83.51
1699127175239,79.75
1699127185239,72.05
1699127195239,71.74
1699127205239,85.34
1699127215239,81.42
1699127225239,68.18
1699127235239,87.14
1699127245239,79.59
1699127255239,79.43
1699127265239,79.75
1699127275239,89.45
1699127285239,69.92
1699127295239,74.23
1699127305239,74.38
1699127315239,76.11
1699127325239,91.09
1699127335239,89.94
1699127345239,78.6
1699127355239,82.11
1699127365239,79.75
1699127375239,75.63
1699127385239,87.14
1699127395239,90.13
1699127405239,80.91
1699127415239,82.28
1699127425239,82.45
1699127435239,76.11
1699127445239,85.37
1699127455239,85.71
1699127465239,86.09
1699127475239,86.28
1699127485239,80.58
1699127495239,84.97
1699127505239,93.75
1699127515239,84.42
1699127525239,75.95
1699127535239,74.84
1699127545239,86.86
1699127555239,82.98
1699127565239,80.91
1699127575239,77.09
1699127585239,86.6
1699127595239,77.25
1699127605239,73.01
1699127615239,89.94
1699127625239,82.45
1699127635239,89.55
1699127645239,82.38
1699127655239,78.95
1699127665239,79.92
1699127675239,73.17
1699127685239,76.43
1699127695239,81.08
1699127705239,75.47
1699127715239,80.36
1699127725239,76.43
1699127735239,82.8
1699127745239,82.28
1699127755239,85.89
1699127765239,78.6
1699127775239,83.87
1699127785239,87.87
1699127795239,90.71
1699127805239,79.47
1699127815239,69.04
1699127825239,87.87
1699127835239,83.16
1699127845239,76.43
1699127855239,80.58
1699127865239,81.42
1699127875239,94.14
1699127885239,84.51
1699127895239,72.53
1699127905239,79.43
1699127915239,82.63
1699127925239,73.5
1699127935239,91.46
1699127945239,74.84
1699127955239,81.93
1699127965239,77.09
1699127975239,75.79
1699127985239,66.52
1699127995239,79.59
1699128005239,73.77
1699128015239,86.42
1699128025239,73.77
1699128035239,92.98
1699128045239,80.08
1699128055239,83.16
1699128065239,81.93
1699128075239,80.72
1699128085239,78.43
1699128095239,87.68
1699128105239,81.76
1699128115239,80.08
1699128125239,83.69
1699128135239,82.28
1699128145239,81.76
1699128155239,83.51
1699128165239,78.43
1699128175239,76.6
1699128185239,73.5
1699128195239,74.69
1699128205239,74.84
1699128215239,82.11
1699128225239,79.92
1699128235239,87.68
1699128245239,75.63
1699128255239,73.62
1699128265239,73.17
1699128275239,82.8
1699128285239,74.07
1699128295239,75.47
1699128305239,79.92
1699128315239,79.75
1699128325239,79.75
1699128335239,75.95
1699128345239,75.47
1699128355239,83.16
1699128365239,65.79
1699128375239,82.28
1699128385239,89.74
1699128395239,82.45
1699128405239,77.09
1699128415239,86.47
1699128425239,80.25
1699128435239,92.21
1699128445239,83.69
1699128455239,82.28
1699128465239,75.0
1699128475239,78.95
1699128485239,73.92
1699128495239,67.9
1699128505239,72.87
1699128515239,74.38
1699128525239,76.27
1699128535239,69.04
1699128545239,72.69
1699128555239,68.46
1699128565239,82.98
1699128575239,82.11
1699128585239,80.9
1699128595239,85.15
1699128605239,82.8
1699128615239,83.16
1699128625239,86.42
1699128635239,79.65
1699128645239,73.02
1699128655239,87.25
1699128665239,73.17
1699128675239,81.08
1699128685239,75.51
1699128695239,76.76
1699128705239,74.84
1699128715239,88.04
1699128725239,76.27
1699128735239,75.79
1699128745239,75.31
1699128755239,77.09
1699128765239,81.25
1699128775239,76.92
1699128785239,71.43
1699128795239,83.51
1699128805239,88.24
1699128815239,78.95
1699128825239,77.92
1699128835239,77.25
1699128845239,79.43
1699128855239,94.14
1699128865239,77.59
1699128875239,76.27
1699128885239,84.05
1699128895239,88.05
1699128905239,74.53
1699128915239,81.76
1699128925239,83.87
1699128935239,77.42
1699128945239,79.65
1699128955239,77.75
1699128965239,76.43
1699128975239,84.97
1699128985239,76.27
1699128995239,84.23
1699129005239,79.43
1699129015239,86.6
1699129025239,85.34
1699129035239,74.84
1699129045239,69.77
1699129055239,88.05
1699129065239,84.6
1699129075239,92.4
1699129085239,82.63
1699129095239,87.14
1699129105239,83.51
1699129115239,70.36
1699129125239,78.26
1699129135239,71.58
1699129145239,80.0
1699129155239,83.51
1699129165239,82.8
1699129175239,79.92
1699129185239,86.6
1699129195239,82.45
1699129205239,75.16
1699129215239,80.91
1699129225239,79.82
1699129235239,88.61
1699129245239,81.76
1699129255239,80.36
1699129265239,79.43
1699129275239,72.69
1699129285239,79.75
1699129295239,91.7
1699129305239,85.19
1699129315239,81.25
1699129325239,69.04
1699129335239,87.87
1699129345239,79.27
1699129355239,82.28
1699129365239,92.4
1699129375239,77.92
1699129385239,75.16
1699129395239,81.42
1699129405239,67.62
1699129415239,74.69
1699129425239,86.96
1699129435239,89.55
1699129445239,71.43
1699129455239,91.9
1699129465239,71.27
1699129475239,73.92
1699129485239,82.11
1699129495239,85.71
1699129505239,75.16
1699129515239,83.51
1699129525239,80.0
1699129535239,75.16
1699129545239,79.11
1699129555239,74.53
1699129565239,80.41
1699129575239,78.95
1699129585239,68.75
1699129595239,76.43
1699129605239,76.43
1699129615239,77.25
1699129625239,84.6
1699129635239,77.42
1699129645239,74.83
1699129655239,82.63
1699129665239,75.63
1699129675239,78.77
1699129685239,73.02
1699129695239,81.59
1699129705239,76.11
1699129715239,82.28
1699129725239,77.09
1699129735239,77.92
1699129745239,92.51
1699129755239,75.0
1699129765239,68.04
1699129775239,83.16
1699129785239,84.78
1699129795239,81.08
1699129805239,81.42
1699129815239,86.6
1699129825239,81.76
1699129835239,69.47
1699129845239,74.23
1699129855239,76.11
1699129865239,81.59
1699129875239,83.16
1699129885239,80.41
1699129895239,89.94
1699129905239,82.38
1699129915239,82.45
1699129925239,83.33
1699129935239,79.27
1699129945239,82.98
1699129955239,80.9
1699129965239,73.77
1699129975239,82.98
1699129985239,89.36
1699129995239,76.92
1699130005239,86.07
1699130015239,90.52
1699130025239,77.59
1699130035239,86.96
1699130045239,87.25
1699130055239,80.08
1699130065239,74.38
1699130075239,80.41
1699130085239,81.76
1699130095239,83.51
1699130105239,82.63
1699130115239,75.34
1699130125239,84.23
1699130135239,77.09
1699130145239,89.55
1699130155239,81.93
1699130165239,85.9
1699130175239,85.34
1699130185239,78.77
1699130195239,81.76
1699130205239,82.8
1699130215239,89.74
1699130225239,84.6
1699130235239,77.92
1699130245239,78.77
1699130255239,74.38
1699130265239,86.6
1699130275239,83.69
1699130285239,75.63
1699130295239,88.05
1699130305239,81.82
1699130315239,70.51
1699130325239,71.58
1699130335239,86.96
1699130345239,77.59
1699130355239,80.41
1699130365239,77.09
1699130375239,92.59
1699130385239,79.59
1699130395239,94.17
1699130405239,78.95
1699130415239,86.07
1699130425239,88.05
1699130435239,83.16
1699130445239,76.27
1699130455239,86.09
1699130465239,70.66
1699130475239,80.08
1699130485239,91.3
1699130495239,90.91
1699130505239,79.65
1699130515239,80.25
1699130525239,90.91
1699130535239,82.28
1699130545239,86.07
1699130555239,80.41
1699130565239,83.16
1699130575239,76.43
1699130585239,84.6
1699130595239,81.76
1699130605239,76.76
1699130615239,82.98
1699130625239,84.6
1699130635239,71.58
1699130645239,74.49
1699130655239,91.84
1699130665239,82.98
1699130675239,90.32
1699130685239,69.04
1699130695239,82.8
1699130705239,75.95
1699130715239,80.18
1699130725239,79.75
1699130735239,72.21
1699130745239,90.54
1699130755239,77.59
1699130765239,79.12
1699130775239,80.0
1699130785239,81.42
1699130795239,83.51
1699130805239,76.27
1699130815239,71.74
1699130825239,85.9
1699130835239,73.92
1699130845239,82.8
1699130855239,80.25
1699130865239,78.09
1699130875239,83.69
1699130885239,76.11
1699130895239,81.25
1699130905239,87.32
1699130915239,82.45
1699130925239,87.14
1699130935239,77.09
1699130945239,80.58
1699130955239,80.58
1699130965239,78.43
1699130975239,84.68
1699130985239,78.09
1699130995239,70.97
1699131005239,85.9
1699131015239,74.38
1699131025239,79.65
1699131035239,81.93
1699131045239,83.16
1699131055239,82.63
1699131065239,80.58
1699131075239,72.21
1699131085239,79.65
1699131095239,92.21
1699131105239,78.43
1699131115239,80.41
1699131125239,96.77
1699131135239,75.63
1699131145239,81.08
1699131155239,88.64
1699131165239,82.45
1699131175239,85.54
1699131185239,80.91
1699131195239,86.78
1699131205239,84.78
1699131215239,94.54
1699131225239,75.47
1699131235239,85.37
1699131245239,84.23
1699131255239,82.98
1699131265239,81.08
1699131275239,80.0
1699131285239,81.93
1699131295239,86.78
1699131305239,95.34
1699131315239,82.28
1699131325239,76.6
1699131335239,75.16
1699131345239,86.07
1699131355239,80.41
1699131365239,89.55
1699131375239,84.05
1699131385239,81.93
1699131395239,81.42
1699131405239,73.5
1699131415239,80.91
1699131425239,78.26
1699131435239,88.05
1699131445239,80.0
1699131455239,89.17
1699131465239,83.33
1699131475239,63.29
1699131485239,89.17
1699131495239,77.42
1699131505239,80.75
1699131515239,87.32
1699131525239,90.13
1699131535239,89.36
1699131545239,74.49
1699131555239,80.08
1699131565239,79.47
1699131575239,80.54
1699131585239,83.33
1699131595239,81.08
1699131605239,82.11
1699131615239,74.16
1699131625239,75.31
1699131635239,91.9
1699131645239,77.09
1699131655239,74.69
1699131665239,85.89
1699131675239,81.42
1699131685239,79.3
1699131695239,75.16
1699131705239,72.73
1699131715239,76.27
1699131725239,70.51
1699131735239,71.74
1699131745239,80.58
1699131755239,75.95
1699131765239,80.25
1699131775239,75.16
1699131785239,75.31
1699131795239,82.45
1699131805239,83.51
1699131815239,88.42
1699131825239,76.27
1699131835239,68.61
1699131845239,84.23
1699131855239,81.59
1699131865239,80.25
1699131875239,82.45
1699131885239,78.77
1699131895239,78.26
1699131905239,82.8
1699131915239,73.92
1699131925239,84.42
1699131935239,69.04
1699131945239,74.83
1699131955239,78.6
1699131965239,72.05
1699131975239,76.6
1699131985239,67.07
1699131995239,65.93
1699132005239,81.42
1699132015239,76.76
1699132025239,76.6
1699132035239,80.36
1699132045239,77.92
1699132055239,63.97
1699132065239,71.27
1699132075239,73.62
1699132085239,78.26
1699132095239,88.24
1699132105239,63.97
1699132115239,78.43
1699132125239,85.37
1699132135239,65.08
1699132145239,79.75
1699132155239,83.87
1699132165239,80.91
1699132175239,70.36
1699132185239,74.84
1699132195239,75.95
1699132205239,71.27
1699132215239,69.33
1699132225239,73.17
1699132235239,81.42
1699132245239,74.84
1699132255239,81.25
1699132265239,82.98
1699132275239,69.18
1699132285239,64.79
1699132295239,75.79
1699132305239,79.75
1699132315239,67.35
1699132325239,82.45
1699132335239,85.19
1699132345239,74.07
1699132355239,79.92
1699132365239,73.99
1699132375239,81.08
1699132385239,68.04
1699132395239,80.18
1699132405239,74.69
1699132415239,82.98
1699132425239,79.47
1699132435239,70.51
1699132445239,78.6
1699132455239,68.89
1699132465239,78.43
1699132475239,73.5
1699132485239,86.24
1699132495239,83.69
1699132505239,76.43
1699132515239,74.53
1699132525239,81.42
1699132535239,80.75
1699132545239,76.27
1699132555239,80.58
1699132565239,84.05
1699132575239,83.87
1699132585239,62.5
1699132595239,81.76
1699132605239,69.33
1699132615239,87.84
1699132625239,89.94
1699132635239,81.93
1699132645239,86.28
1699132655239,83.51
1699132665239,71.9
1699132675239,80.91
1699132685239,77.75
1699132695239,97.96
1699132705239,89.55
1699132715239,88.24
1699132725239,85.34
1699132735239,77.09
1699132745239,84.05
1699132755239,77.59
1699132765239,86.96
1699132775239,80.91
1699132785239,83.16
1699132795239,74.84
1699132805239,91.3
1699132815239,81.93
1699132825239,77.59
1699132835239,84.6
1699132845239,82.11
1699132855239,79.43
1699132865239,75.95
1699132875239,86.6
1699132885239,82.8
1699132895239,72.73
1699132905239,86.96
1699132915239,86.07
1699132925239,68.32
1699132935239,81.42
1699132945239,75.31
1699132955239,81.42
1699132965239,75.0
1699132975239,89.36
1699132985239,76.43
1699132995239,87.68
1699133005239,86.96
1699133015239,70.06
1699133025239,77.25
1699133035239,77.59
1699133045239,78.77
1699133055239,82.63
1699133065239,89.94
1699133075239,73.47
1699133085239,82.63
1699133095239,88.05
1699133105239,87.87
1699133115239,77.75
1699133125239,86.24
1699133135239,81.59
1699133145239,89.94
1699133155239,77.75
1699133165239,76.11
1699133175239,78.26
1699133185239,76.92
1699133195239,85.15
1699133205239,80.54
1699133215239,76.6
1699133225239,76.27
1699133235239,88.64
1699133245239,77.75
1699133255239,76.11
1699133265239,75.79
1699133275239,84.68
1699133285239,80.54
1699133295239,85.15
1699133305239,73.47
1699133315239,85.37
1699133325239,84.78
1699133335239,78.09
1699133345239,79.47
1699133355239,76.11
1699133365239,82.11
1699133375239,82.8
1699133385239,67.11
1699133395239,79.43
1699133405239,74.16
1699133415239,83.87
1699133425239,75.95
1699133435239,83.16
1699133445239,80.41
1699133455239,81.08
1699133465239,80.58
1699133475239,81.42
1699133485239,87.68
1699133495239,72.53
1699133505239,74.07
1699133515239,77.09
1699133525239,78.43
1699133535239,87.14
1699133545239,69.18
1699133555239,73.62
1699133565239,81.26
1699133575239,75.63
1699133585239,82.28
1699133595239,86.07
1699133605239,82.63
1699133615239,76.11
1699133625239,73.92
1699133635239,78.77
1699133645239,78.77
1699133655239,75.79
1699133665239,82.8
1699133675239,85.71
1699133685239,77.75
1699133695239,71.43
1699133705239,84.05
1699133715239,75.31
1699133725239,70.51
1699133735239,82.11
1699133745239,88.61
1699133755239,74.07
1699133765239,74.38
1699133775239,74.38
1699133785239,79.47
1699133795239,86.67
1699133805239,82.63
1699133815239,78.95
1699133825239,81.25
1699133835239,77.75
1699133845239,82.98
1699133855239,76.27
1699133865239,88.98
1699133875239,64.38
1699133885239,67.42
1699133895239,82.45
1699133905239,75.79
1699133915239,78.26
1699133925239,74.69
1699133935239,72.37
1699133945239,83.87
1699133955239,75.47
1699133965239,79.65
1699133975239,77.25
1699133985239,73.17
1699133995239,79.65
1699134005239,82.8
1699134015239,78.09
1699134025239,78.26
1699134035239,79.43
1699134045239,92.59
1699134055239,76.92
1699134065239,74.84
1699134075239,88.64
1699134085239,87.87
1699134095239,84.97
1699134105239,83.51
1699134115239,80.41
1699134125239,82.8
1699134135239,80.08
1699134145239,81.76
1699134155239,76.92
1699134165239,86.07
1699134175239,75.0
1699134185239,75.0
1699134195239,86.96
1699134205239,83.51
1699134215239,81.25
1699134225239,67.76
1699134235239,88.79
1699134245239,79.82
1699134255239,75.16
1699134265239,80.08
1699134275239,75.95
1699134285239,71.43
1699134295239,83.33
1699134305239,84.23
1699134315239,72.21
1699134325239,87.44
1699134335239,85.37
1699134345239,80.91
1699134355239,79.27
1699134365239,88.61
1699134375239,88.79
1699134385239,74.23
1699134395239,76.92
1699134405239,73.66
1699134415239,78.95
1699134425239,75.0
1699134435239,83.16
1699134445239,88.61
1699134455239,85.89
1699134465239,85.71
1699134475239,84.78
1699134485239,86.78
1699134495239,81.08
1699134505239,88.42
1699134515239,78.77
1699134525239,86.47
1699134535239,76.76
1699134545239,81.63
1699134555239,75.31
1699134565239,83.87
1699134575239,81.93
1699134585239,86.24
1699134595239,73.33
1699134605239,76.43
1699134615239,73.92
1699134625239,64.38
1699134635239,78.09
1699134645239,77.42
1699134655239,80.08
1699134665239,78.6
1699134675239,70.66
1699134685239,64.38
1699134695239,82.8
1699134705239,63.97
1699134715239,73.92
1699134725239,75.95
1699134735239,77.75
1699134745239,73.32
1699134755239,84.05
1699134765239,80.58
1699134775239,82.8
1699134785239,82.98
1699134795239,89.36
1699134805239,84.51
1699134815239,91.9
1699134825239,82.8
1699134835239,75.69
1699134845239,74.32
1699134855239,73.92
1699134865239,81.76
1699134875239,75.31
1699134885239,80.54
1699134895239,78.95
1699134905239,75.0
1699134915239,76.43
1699134925239,75.95
1699134935239,79.75
1699134945239,82.63
1699134955239,82.8
1699134965239,85.15
1699134975239,80.36
1699134985239,69.04
1699134995239,81.08
1699135005239,77.09
1699135015239,74.23
1699135025239,70.36
1699135035239,80.54
1699135045239,85.34
1699135055239,78.26
1699135065239,72.21
1699135075239,70.06
1699135085239,76.27
1699135095239,82.8
1699135105239,75.31
1699135115239,86.96
1699135125239,74.38
1699135135239,80.18
1699135145239,82.11
1699135155239,77.92
1699135165239,80.54
1699135175239,69.92
1699135185239,77.59
1699135195239,81.08
1699135205239,87.25
1699135215239,79.82
1699135225239,86.6
1699135235239,76.27
1699135245239,85.71
1699135255239,75.95
1699135265239,79.12
1699135275239,86.28
1699135285239,90.91
1699135295239,76.76
1699135305239,79.47
1699135315239,66.67
1699135325239,71.74
1699135335239,84.05
1699135345239,74.53
1699135355239,82.28
1699135365239,81.26
1699135375239,79.92
1699135385239,68.46
1699135395239,92.02
1699135405239,75.63
1699135415239,87.5
1699135425239,77.42
1699135435239,76.92
1699135445239,74.23
1699135455239,74.83
1699135465239,80.25
1699135475239,88.05
1699135485239,70.36
1699135495239,88.61
1699135505239,75.47
1699135515239,83.33
1699135525239,77.59
1699135535239,75.95
